[{"model": "sessions.session", "pk": "6gqdik5vtix91yh0xjas60e5czcxe487", "fields": {"session_data": ".eJxVizsOwjAQBe_iGkVre_2jg54zWGt7LUcgIsVJhbh7EikFlG_ezEdEWpcW185zHIu4Coni8gsT5Se_jydPMw_n7MNjSuOLb7t3P42_rFFvewNOyaqpMtlqZTCGk9bBegMOkvGAmHImUMUBsCyOfaGqkHVVWpaA4rsBiIUz-A:1wZWeY:bdSgtLKJLCgCrQ41mKwxAKutZ8kmY6PJg1IWcW01hwM", "expire_date": "2026-06-17T16:28:42.064Z"}}, {"model": "sessions.session", "pk": "9k9p1cyuibr8uq5kb2h5te72w9h7xtty", "fields": {"session_data": ".eJxVizsOwjAQBe_iGkVre_2jg54zWGt7LUcgIsVJhbh7EikFlG_ezEdEWpcW185zHIu4Coni8gsT5Se_jydPMw_n7MNjSuOLb7t3P42_rFFvewNOyaqpMtlqZTCGk9bBegMOkvGAmHImUMUBsCyOfaGqkHVVWpaA4rsBiIUz-A:1wZWLN:UhU1JfX39oavRxkZ-DL7lEwrtIpUv7tDoQY2r7nhx2Y", "expire_date": "2026-06-17T16:08:53.287Z"}}, {"model": "sessions.session", "pk": "cbt52oonqw9nkxce0t3jqumk1j0weyft", "fields": {"session_data": ".eJxVizEOwjAMRe-SGVVNimPDBjtniGLHVioQlZp2QtydInWA8b__3sulvC41rU3nNBZ3duAOv4yz3PX5PWSatdtn624Tjw-9bN51N_6ymlvdmiIcTTPBYNQbgkTvOQSvyKfYqxWFSGJqATNloaCRAFkGhGPxAd37A5uYNKs:1wUqbM:Fho_W7b9af42zB4uaZumev6MqCUdhW1y7d6vf8Lh3Kk", "expire_date": "2026-06-04T18:46:04.801Z"}}, {"model": "sessions.session", "pk": "cqzj6daulrv1asyf7hxdqu159rdwmme6", "fields": {"session_data": ".eJxVizEOwjAMRe_iGVUJJlHMBjtniOzYVSoQlZp2QtydIHWA8f3_3gsyb2vNW7MlTwpniHD43YTL3Z7fo8yLDTu24TbL9LBL96678ZdVbrU3VIjTSI51NI9qokiumHgJMaWIRoqd1brjiPB4ChIEA7OKU2_w_gCjaDUn:1wZWbm:h9sLIpl0e8IKNJv9jZjUwLk3C8E93-Y65dKSyx4yUTk", "expire_date": "2026-06-17T16:25:50.524Z"}}, {"model": "sessions.session", "pk": "divb0by1anvgw6xyzdq6futh0vmt8rni", "fields": {"session_data": ".eJxVjEsOwjAMRO-SNapqp_mxgz1niOzYVSoQlZp2hbg7VOoClvPmzbxMpm2teWu65EnM2aA5_TKmctfnXpR50e6IrbvNPD308vWuh_E3q9TqfqbRO3bACg6RnPbB4pBQQXoG8Xb0RAlCAg-RY7ACYSw4gEsIwmLeH1LLMzQ:1wUqW9:ZO7CDK3i4zqY5ZdYU9g3RVGd4w0VaDvqm498MAYm1LM", "expire_date": "2026-06-04T18:40:41.476Z"}}, {"model": "sessions.session", "pk": "lcc8s5mbjy1haw5s5hig5da9smadat9n", "fields": {"session_data": ".eJxVjEsOwjAMRO-SNapqp_mxgz1niOzYVSoQlZp2hbg7VOoClvPmzbxMpm2teWu65EnM2aA5_TKmctfnXpR50e6IrbvNPD308vWuh_E3q9TqfqbRO3bACg6RnPbB4pBQQXoG8Xb0RAlCAg-RY7ACYSw4gEsIwmLeH1LLMzQ:1wUqVb:AfAlZDVxZKKorz8zPg-bRHdojEYCS7hoGdX4uBT58FU", "expire_date": "2026-06-04T18:40:07.472Z"}}, {"model": "sessions.session", "pk": "nnf0xgeva2jd22y7g5i0qllzpukjy9tt", "fields": {"session_data": ".eJxVizEOwjAMRe_iGVUJJlHMBjtniOzYVSoQlZp2QtydIHWA8f3_3gsyb2vNW7MlTwpniHD43YTL3Z7fo8yLDTu24TbL9LBL96678ZdVbrU3VIjTSI51NI9qokiumHgJMaWIRoqd1brjiPB4ChIEA7OKU2_w_gCjaDUn:1wYPTi:v1ymGE3PFAgJeLvo5h4wK1-Ao2exiO4PG1RIEU14lmM", "expire_date": "2026-06-14T14:36:54.002Z"}}, {"model": "sessions.session", "pk": "rri1zqzg03am7nhk4w9gpe1zgtgyen60", "fields": {"session_data": ".eJxVizEOwjAMRe_iGVUlTuKWDXbOENmJrVQgKjV0QtydInWA8b__3gsSr8-a1qZLmgqcAOHwy4TzTR_fI8-Ldvts3XWW6a7nzbvsxl9WudWt4aheIioxkmQbTLmPougxBEOy4rzLrEIciNAGdwwyepbseh5jEXh_AJmoNO8:1wUqWU:UcYE_wko31yXKZApvnNSCIUaWmJ-5OhwYMq8y6SZC0c", "expire_date": "2026-06-04T18:41:02.493Z"}}, {"model": "sessions.session", "pk": "s53kdw5gu2e9fltqswda3776k8swno4j", "fields": {"session_data": ".eJxVizkOwjAUBe_iGkXevh3TQc8ZLP_FcgQiUpxUiLsTpBRQvnkzL5XLtra8dVnyxOqsgjr9Mix0l-f3oHmR4Zh9uM04PeSye9fD-Mta6W1vgJlJopM4ogUZtQlBGwLNxifnSPsawUSbBB1K9cEisKkFKAVfCdT7A3KzNAg:1wYLIe:lXpdPg0_iUh7aYrcdG76QCaRzRmhXfoXQbVRcPHWq-4", "expire_date": "2026-06-14T10:09:12.939Z"}}, {"model": "core.user", "pk": 1, "fields": {"password": "pbkdf2_sha256$1200000$64iiyatwxdtU6gUgBRvjyn$nnVteiI+ZCIYiQjATn3kof9QppPghwXhoFZQmyUQpPc=", "last_login": "2026-06-16T16:01:31.670Z", "is_superuser": true, "first_name": "", "last_name": "", "is_staff": true, "is_active": true, "date_joined": "2026-06-03T18:37:22.999Z", "uid": 1, "username": "admin", "name": "Admin User", "mobile": "9999999999", "email": "admin@gmail.com", "referral_code": "DN7DZX", "referred_by": null, "is_blocked": false, "blocked_at": null, "blocked_reason": null, "profile_image": "", "created_at": "2026-06-03T18:37:23.795Z", "updated_at": "2026-06-16T16:01:31.673Z", "last_login_at": "2026-06-16T16:01:31.673Z", "groups": [], "user_permissions": []}}, {"model": "core.user", "pk": 2, "fields": {"password": "pbkdf2_sha256$1200000$ELbdfu3W06UA4rMHTQfNHF$AO/dV2/fvSgOSqY13xA2r+8ZCKK1KoOZxHqVxy+mQRs=", "last_login": "2026-06-03T18:40:41.463Z", "is_superuser": false, "first_name": "", "last_name": "", "is_staff": false, "is_active": true, "date_joined": "2026-06-03T18:40:05.732Z", "uid": 2, "username": "WINNER4072", "name": "Test User", "mobile": "1234567890", "email": "test@gmail.com", "referral_code": "RCXXJT", "referred_by": null, "is_blocked": false, "blocked_at": null, "blocked_reason": null, "profile_image": "", "created_at": "2026-06-03T18:40:06.553Z", "updated_at": "2026-06-03T18:40:41.469Z", "last_login_at": "2026-06-03T18:40:41.469Z", "groups": [], "user_permissions": []}}, {"model": "core.user", "pk": 3, "fields": {"password": "pbkdf2_sha256$1200000$klXKf1cDeiDUQYAb5N1pn1$/x/c/9nHZQkWsy98BDp8lYqeCbdb02cdPjsh6bxE9eM=", "last_login": "2026-06-03T18:41:02.479Z", "is_superuser": false, "first_name": "", "last_name": "", "is_staff": false, "is_active": true, "date_joined": "2026-06-03T18:41:00.723Z", "uid": 3, "username": "WINNER9648", "name": "Test User 146481", "mobile": "9988146481", "email": "test_146481@gmail.com", "referral_code": "8KTVAP", "referred_by": null, "is_blocked": false, "blocked_at": null, "blocked_reason": null, "profile_image": "", "created_at": "2026-06-03T18:41:01.546Z", "updated_at": "2026-06-03T18:41:02.485Z", "last_login_at": "2026-06-03T18:41:02.485Z", "groups": [], "user_permissions": []}}, {"model": "core.user", "pk": 4, "fields": {"password": "pbkdf2_sha256$1200000$Ts2NI43vXsZVCp4mNVlDK1$zReefokOAbWIdKLv5m4VF1s0KLzPEPNpIFx2j4KAm3A=", "last_login": null, "is_superuser": false, "first_name": "", "last_name": "", "is_staff": false, "is_active": true, "date_joined": "2026-06-03T18:44:02.780Z", "uid": 4, "username": "USER7803", "name": "ram", "mobile": "07643904539", "email": "r@gmail.com", "referral_code": "1TSU5V", "referred_by": null, "is_blocked": false, "blocked_at": null, "blocked_reason": null, "profile_image": "", "created_at": "2026-06-03T18:44:03.639Z", "updated_at": "2026-06-03T18:44:03.639Z", "last_login_at": null, "groups": [], "user_permissions": []}}, {"model": "core.user", "pk": 5, "fields": {"password": "pbkdf2_sha256$1200000$pEEC4f2KjcwVf5v8mxpyST$n/q+y4uR0No8/8Q/uBv/xFhCeAd4Fc/PNCSLTLa6/1w=", "last_login": "2026-06-03T18:46:04.786Z", "is_superuser": false, "first_name": "", "last_name": "", "is_staff": false, "is_active": true, "date_joined": "2026-06-03T18:45:48.279Z", "uid": 5, "username": "WINNER2876", "name": "Ravi", "mobile": "1212121212", "email": "ravi@gmail.com", "referral_code": "BDJJT6", "referred_by": null, "is_blocked": false, "blocked_at": null, "blocked_reason": null, "profile_image": "", "created_at": "2026-06-03T18:45:49.500Z", "updated_at": "2026-06-03T18:46:04.792Z", "last_login_at": "2026-06-03T18:46:04.791Z", "groups": [], "user_permissions": []}}, {"model": "core.user", "pk": 6, "fields": {"password": "pbkdf2_sha256$1200000$Z8VBPRsuWktlULx9KBsf5k$7IE4ANWBc59SwxApzNBwNwTeHr3SfGdGTkPCqbkiAmE=", "last_login": "2026-06-16T16:25:50.519Z", "is_superuser": false, "first_name": "", "last_name": "", "is_staff": false, "is_active": true, "date_joined": "2026-06-13T10:08:31.834Z", "uid": 6, "username": "WINNER4248", "name": "Rishu", "mobile": "1234567812", "email": "rishu@gmail.com", "referral_code": "BNX2RG", "referred_by": null, "is_blocked": false, "blocked_at": null, "blocked_reason": null, "profile_image": "", "created_at": "2026-06-13T10:08:32.648Z", "updated_at": "2026-06-16T16:25:50.521Z", "last_login_at": "2026-06-16T16:25:50.521Z", "groups": [], "user_permissions": []}}, {"model": "core.user", "pk": 11, "fields": {"password": "pbkdf2_sha256$1200000$eonrfESdCpHt7SYzW9cxfS$9JM2VLZJveANbpqT1dt51R+BMdeCjrz9/6S3BmK+fKE=", "last_login": null, "is_superuser": false, "first_name": "", "last_name": "", "is_staff": false, "is_active": true, "date_joined": "2026-06-13T14:54:54.296Z", "uid": 7, "username": "PLAYER7412", "name": "User One", "mobile": "9999900001", "email": "u1@test.com", "referral_code": "JZJ83D", "referred_by": null, "is_blocked": false, "blocked_at": null, "blocked_reason": null, "profile_image": "", "created_at": "2026-06-13T14:54:54.717Z", "updated_at": "2026-06-13T14:54:54.717Z", "last_login_at": null, "groups": [], "user_permissions": []}}, {"model": "core.user", "pk": 12, "fields": {"password": "pbkdf2_sha256$1200000$vWGjtPrGMZvq85VzDoy459$8U3pqlCPTvmMP393J8wcnEJFwXKIhDOe96kxdhQ3Ae8=", "last_login": null, "is_superuser": false, "first_name": "", "last_name": "", "is_staff": false, "is_active": true, "date_joined": "2026-06-13T14:54:54.727Z", "uid": 8, "username": "USER1769", "name": "User Two", "mobile": "9999900002", "email": "u2@test.com", "referral_code": "1FOXXS", "referred_by": 11, "is_blocked": false, "blocked_at": null, "blocked_reason": null, "profile_image": "", "created_at": "2026-06-13T14:54:55.154Z", "updated_at": "2026-06-13T14:54:55.154Z", "last_login_at": null, "groups": [], "user_permissions": []}}, {"model": "core.user", "pk": 13, "fields": {"password": "pbkdf2_sha256$1200000$Ok2RpmxNmAa1I9rPSEZEPJ$Gh2c9DAeZazuoLJD0iXjMle2nLhlq6AE9ixAlzCHAts=", "last_login": null, "is_superuser": false, "first_name": "", "last_name": "", "is_staff": false, "is_active": true, "date_joined": "2026-06-13T14:54:55.161Z", "uid": 9, "username": "USER4684", "name": "User Three", "mobile": "9999900003", "email": "u3@test.com", "referral_code": "41HN0U", "referred_by": 12, "is_blocked": false, "blocked_at": null, "blocked_reason": null, "profile_image": "", "created_at": "2026-06-13T14:54:55.588Z", "updated_at": "2026-06-13T14:54:55.588Z", "last_login_at": null, "groups": [], "user_permissions": []}}, {"model": "core.user", "pk": 14, "fields": {"password": "pbkdf2_sha256$1200000$OXT4uJECLZWKe4TQXmqZQa$ZdjP/OMUVWGUrFLdKHw+VaPVzj3kU/CQJMY3KyTDwDw=", "last_login": "2026-06-16T16:28:42.061Z", "is_superuser": false, "first_name": "", "last_name": "", "is_staff": false, "is_active": true, "date_joined": "2026-06-13T14:54:55.594Z", "uid": 10, "username": "GAMER4157", "name": "User Four", "mobile": "9999900004", "email": "u4@test.com", "referral_code": "SJQ901", "referred_by": 13, "is_blocked": false, "blocked_at": null, "blocked_reason": null, "profile_image": "", "created_at": "2026-06-13T14:54:56.018Z", "updated_at": "2026-06-13T14:54:56.018Z", "last_login_at": null, "groups": [], "user_permissions": []}}, {"model": "core.sitesetting", "pk": 1, "fields": {"key": "SIGNUP_BONUS", "value": "50", "description": "", "updated_at": "2026-06-03T18:37:22.979Z"}}, {"model": "core.sitesetting", "pk": 2, "fields": {"key": "REFERRAL_BONUS", "value": "200", "description": "", "updated_at": "2026-06-03T18:37:22.984Z"}}, {"model": "core.sitesetting", "pk": 3, "fields": {"key": "MIN_BET", "value": "1", "description": "", "updated_at": "2026-06-03T18:37:22.989Z"}}, {"model": "core.sitesetting", "pk": 4, "fields": {"key": "MAX_BET", "value": "50000", "description": "", "updated_at": "2026-06-03T18:37:22.994Z"}}, {"model": "core.paymentsettings", "pk": 1, "fields": {"admin_upi_id": "golu@upi", "admin_qr_image": "qr_codes/Screenshot_2026-04-29_171327.png", "updated_at": "2026-06-13T13:06:03.258Z"}}, {"model": "game.gameroom", "pk": 1, "fields": {"name": "wingo_30s", "duration_seconds": 30, "is_active": true, "result_mode": "pattern", "current_period": "2026061602648", "current_game_start": "2026-06-16T16:33:30Z", "preset_period": null, "preset_winning_number": null, "preset_winning_color": null, "pattern_rule": "4", "pattern_state": 3, "red_pct": 45, "green_pct": 45, "violet_pct": 10, "created_at": "2026-06-03T18:37:22.957Z", "updated_at": "2026-06-16T16:33:54.705Z"}}, {"model": "game.gameroom", "pk": 2, "fields": {"name": "wingo_1min", "duration_seconds": 60, "is_active": true, "result_mode": "auto_random", "current_period": "2026061601326", "current_game_start": "2026-06-16T16:35:00Z", "preset_period": null, "preset_winning_number": null, "preset_winning_color": null, "pattern_rule": "1", "pattern_state": 0, "red_pct": 45, "green_pct": 45, "violet_pct": 10, "created_at": "2026-06-03T18:37:22.967Z", "updated_at": "2026-06-16T16:35:02.908Z"}}, {"model": "game.gameroom", "pk": 3, "fields": {"name": "wingo_3min", "duration_seconds": 180, "is_active": true, "result_mode": "auto_random", "current_period": "2026061600295", "current_game_start": "2026-06-16T09:12:00Z", "preset_period": null, "preset_winning_number": null, "preset_winning_color": null, "pattern_rule": "1", "pattern_state": 0, "red_pct": 45, "green_pct": 45, "violet_pct": 10, "created_at": "2026-06-03T18:37:22.973Z", "updated_at": "2026-06-16T09:13:53.154Z"}}, {"model": "game.gameresult", "pk": 1, "fields": {"room": 1, "period": "2026060400033", "winning_number": 9, "winning_color": "green", "total_bet_amount": "0.00", "total_win_amount": "0.00", "platform_profit": "0.00", "created_at": "2026-06-03T18:46:47.354Z"}}, {"model": "game.gameresult", "pk": 2, "fields": {"room": 1, "period": "2026060400034", "winning_number": 2, "winning_color": "red", "total_bet_amount": "0.00", "total_win_amount": "0.00", "platform_profit": "0.00", "created_at": "2026-06-03T18:47:18.341Z"}}, {"model": "game.gameresult", "pk": 3, "fields": {"room": 1, "period": "2026060400035", "winning_number": 6, "winning_color": "red", "total_bet_amount": "0.00", "total_win_amount": "0.00", "platform_profit": "0.00", "created_at": "2026-06-03T18:47:55.503Z"}}, {"model": "game.gameresult", "pk": 4, "fields": {"room": 1, "period": "2026060400036", "winning_number": 9, "winning_color": "green", "total_bet_amount": "0.00", "total_win_amount": "0.00", "platform_profit": "0.00", "created_at": "2026-06-13T10:09:13.096Z"}}, {"model": "game.gameresult", "pk": 5, "fields": {"room": 2, "period": "2026060400018", "winning_number": 6, "winning_color": "red", "total_bet_amount": "0.00", "total_win_amount": "0.00", "platform_profit": "0.00", "created_at": "2026-06-13T10:09:42.424Z"}}, {"model": "game.gameresult", "pk": 6, "fields": {"room": 3, "period": "2026060400006", "winning_number": 3, "winning_color": "green", "total_bet_amount": "0.00", "total_win_amount": "0.00", "platform_profit": "0.00", "created_at": "2026-06-13T10:09:45.485Z"}}, {"model": "game.gameresult", "pk": 7, "fields": {"room": 3, "period": "2026061300314", "winning_number": 9, "winning_color": "green", "total_bet_amount": "0.00", "total_win_amount": "0.00", "platform_profit": "0.00", "created_at": "2026-06-13T10:25:12.121Z"}}, {"model": "game.gameresult", "pk": 8, "fields": {"room": 1, "period": "2026061301879", "winning_number": 3, "winning_color": "green", "total_bet_amount": "0.00", "total_win_amount": "0.00", "platform_profit": "0.00", "created_at": "2026-06-13T10:25:59.926Z"}}, {"model": "game.gameresult", "pk": 9, "fields": {"room": 2, "period": "2026061300940", "winning_number": 8, "winning_color": "red", "total_bet_amount": "0.00", "total_win_amount": "0.00", "platform_profit": "0.00", "created_at": "2026-06-13T10:26:06.075Z"}}, {"model": "game.gameresult", "pk": 10, "fields": {"room": 1, "period": "2026061301912", "winning_number": 7, "winning_color": "green", "total_bet_amount": "0.00", "total_win_amount": "0.00", "platform_profit": "0.00", "created_at": "2026-06-13T10:26:32.888Z"}}, {"model": "game.gameresult", "pk": 11, "fields": {"room": 1, "period": "2026061301914", "winning_number": 7, "winning_color": "green", "total_bet_amount": "0.00", "total_win_amount": "0.00", "platform_profit": "0.00", "created_at": "2026-06-13T10:27:05.440Z"}}, {"model": "game.gameresult", "pk": 12, "fields": {"room": 3, "period": "2026061300319", "winning_number": 1, "winning_color": "green", "total_bet_amount": "0.00", "total_win_amount": "0.00", "platform_profit": "0.00", "created_at": "2026-06-13T10:28:13.098Z"}}, {"model": "game.gameresult", "pk": 13, "fields": {"room": 1, "period": "2026061301915", "winning_number": 2, "winning_color": "red", "total_bet_amount": "0.00", "total_win_amount": "0.00", "platform_profit": "0.00", "created_at": "2026-06-13T10:29:24.258Z"}}, {"model": "game.gameresult", "pk": 14, "fields": {"room": 1, "period": "2026061301919", "winning_number": 0, "winning_color": "violet", "total_bet_amount": "0.00", "total_win_amount": "0.00", "platform_profit": "0.00", "created_at": "2026-06-13T10:30:00.945Z"}}, {"model": "game.gameresult", "pk": 15, "fields": {"room": 1, "period": "2026061301921", "winning_number": 8, "winning_color": "red", "total_bet_amount": "0.00", "total_win_amount": "0.00", "platform_profit": "0.00", "created_at": "2026-06-13T10:30:34.394Z"}}, {"model": "game.gameresult", "pk": 16, "fields": {"room": 1, "period": "2026061301922", "winning_number": 6, "winning_color": "red", "total_bet_amount": "0.00", "total_win_amount": "0.00", "platform_profit": "0.00", "created_at": "2026-06-13T10:31:06.941Z"}}, {"model": "game.gameresult", "pk": 17, "fields": {"room": 3, "period": "2026061300320", "winning_number": 5, "winning_color": "violet", "total_bet_amount": "0.00", "total_win_amount": "0.00", "platform_profit": "0.00", "created_at": "2026-06-13T10:31:13.111Z"}}, {"model": "game.gameresult", "pk": 18, "fields": {"room": 1, "period": "2026061301923", "winning_number": 4, "winning_color": "red", "total_bet_amount": "0.00", "total_win_amount": "0.00", "platform_profit": "0.00", "created_at": "2026-06-13T10:31:39.492Z"}}, {"model": "game.gameresult", "pk": 19, "fields": {"room": 1, "period": "2026061301924", "winning_number": 5, "winning_color": "violet", "total_bet_amount": "0.00", "total_win_amount": "0.00", "platform_profit": "0.00", "created_at": "2026-06-13T10:32:12.041Z"}}, {"model": "game.gameresult", "pk": 20, "fields": {"room": 1, "period": "2026061301925", "winning_number": 3, "winning_color": "green", "total_bet_amount": "0.00", "total_win_amount": "0.00", "platform_profit": "0.00", "created_at": "2026-06-13T10:32:44.573Z"}}, {"model": "game.gameresult", "pk": 21, "fields": {"room": 1, "period": "2026061301926", "winning_number": 8, "winning_color": "red", "total_bet_amount": "0.00", "total_win_amount": "0.00", "platform_profit": "0.00", "created_at": "2026-06-13T10:33:37.758Z"}}, {"model": "game.gameresult", "pk": 22, "fields": {"room": 1, "period": "2026061301928", "winning_number": 1, "winning_color": "green", "total_bet_amount": "0.00", "total_win_amount": "0.00", "platform_profit": "0.00", "created_at": "2026-06-13T10:34:11.646Z"}}, {"model": "game.gameresult", "pk": 23, "fields": {"room": 3, "period": "2026061300321", "winning_number": 6, "winning_color": "red", "total_bet_amount": "0.00", "total_win_amount": "0.00", "platform_profit": "0.00", "created_at": "2026-06-13T10:34:14.095Z"}}, {"model": "game.gameresult", "pk": 24, "fields": {"room": 1, "period": "2026061301929", "winning_number": 9, "winning_color": "green", "total_bet_amount": "0.00", "total_win_amount": "0.00", "platform_profit": "0.00", "created_at": "2026-06-13T10:34:58.181Z"}}, {"model": "game.gameresult", "pk": 25, "fields": {"room": 3, "period": "2026061300322", "winning_number": 9, "winning_color": "green", "total_bet_amount": "0.00", "total_win_amount": "0.00", "platform_profit": "0.00", "created_at": "2026-06-13T10:37:15.104Z"}}, {"model": "game.gameresult", "pk": 26, "fields": {"room": 3, "period": "2026061300323", "winning_number": 6, "winning_color": "red", "total_bet_amount": "0.00", "total_win_amount": "0.00", "platform_profit": "0.00", "created_at": "2026-06-13T10:40:15.887Z"}}, {"model": "game.gameresult", "pk": 27, "fields": {"room": 3, "period": "2026061300324", "winning_number": 1, "winning_color": "green", "total_bet_amount": "0.00", "total_win_amount": "0.00", "platform_profit": "0.00", "created_at": "2026-06-13T10:43:16.098Z"}}, {"model": "game.gameresult", "pk": 28, "fields": {"room": 3, "period": "2026061300325", "winning_number": 7, "winning_color": "green", "total_bet_amount": "0.00", "total_win_amount": "0.00", "platform_profit": "0.00", "created_at": "2026-06-13T10:46:16.110Z"}}, {"model": "game.gameresult", "pk": 29, "fields": {"room": 3, "period": "2026061300326", "winning_number": 2, "winning_color": "red", "total_bet_amount": "0.00", "total_win_amount": "0.00", "platform_profit": "0.00", "created_at": "2026-06-13T10:49:17.102Z"}}, {"model": "game.gameresult", "pk": 30, "fields": {"room": 3, "period": "2026061300327", "winning_number": 4, "winning_color": "red", "total_bet_amount": "0.00", "total_win_amount": "0.00", "platform_profit": "0.00", "created_at": "2026-06-13T10:52:18.109Z"}}, {"model": "game.gameresult", "pk": 31, "fields": {"room": 1, "period": "2026061301930", "winning_number": 5, "winning_color": "violet", "total_bet_amount": "0.00", "total_win_amount": "0.00", "platform_profit": "0.00", "created_at": "2026-06-13T10:53:09.833Z"}}, {"model": "game.gameresult", "pk": 32, "fields": {"room": 3, "period": "2026061300328", "winning_number": 3, "winning_color": "green", "total_bet_amount": "0.00", "total_win_amount": "0.00", "platform_profit": "0.00", "created_at": "2026-06-13T10:55:18.155Z"}}, {"model": "game.gameresult", "pk": 33, "fields": {"room": 1, "period": "2026061301967", "winning_number": 6, "winning_color": "red", "total_bet_amount": "0.00", "total_win_amount": "0.00", "platform_profit": "0.00", "created_at": "2026-06-13T10:56:31.761Z"}}, {"model": "game.gameresult", "pk": 34, "fields": {"room": 1, "period": "2026061301974", "winning_number": 7, "winning_color": "green", "total_bet_amount": "0.00", "total_win_amount": "0.00", "platform_profit": "0.00", "created_at": "2026-06-13T10:57:16.651Z"}}, {"model": "game.gameresult", "pk": 35, "fields": {"room": 1, "period": "2026061301975", "winning_number": 8, "winning_color": "red", "total_bet_amount": "0.00", "total_win_amount": "0.00", "platform_profit": "0.00", "created_at": "2026-06-13T11:01:24.670Z"}}, {"model": "game.gameresult", "pk": 36, "fields": {"room": 1, "period": "2026061301983", "winning_number": 5, "winning_color": "violet", "total_bet_amount": "0.00", "total_win_amount": "0.00", "platform_profit": "0.00", "created_at": "2026-06-13T11:02:10.656Z"}}, {"model": "game.gameresult", "pk": 37, "fields": {"room": 1, "period": "2026061301985", "winning_number": 3, "winning_color": "green", "total_bet_amount": "0.00", "total_win_amount": "0.00", "platform_profit": "0.00", "created_at": "2026-06-13T11:02:53.367Z"}}, {"model": "game.gameresult", "pk": 38, "fields": {"room": 1, "period": "2026061301986", "winning_number": 0, "winning_color": "violet", "total_bet_amount": "0.00", "total_win_amount": "0.00", "platform_profit": "0.00", "created_at": "2026-06-13T11:04:09.085Z"}}, {"model": "game.gameresult", "pk": 39, "fields": {"room": 1, "period": "2026061301989", "winning_number": 7, "winning_color": "green", "total_bet_amount": "0.00", "total_win_amount": "0.00", "platform_profit": "0.00", "created_at": "2026-06-13T11:04:40.789Z"}}, {"model": "game.gameresult", "pk": 40, "fields": {"room": 1, "period": "2026061301990", "winning_number": 2, "winning_color": "red", "total_bet_amount": "0.00", "total_win_amount": "0.00", "platform_profit": "0.00", "created_at": "2026-06-13T11:06:59.379Z"}}, {"model": "game.gameresult", "pk": 41, "fields": {"room": 2, "period": "2026061300957", "winning_number": 7, "winning_color": "green", "total_bet_amount": "0.00", "total_win_amount": "0.00", "platform_profit": "0.00", "created_at": "2026-06-13T11:07:05.361Z"}}, {"model": "game.gameresult", "pk": 42, "fields": {"room": 3, "period": "2026061300329", "winning_number": 4, "winning_color": "red", "total_bet_amount": "0.00", "total_win_amount": "0.00", "platform_profit": "0.00", "created_at": "2026-06-13T11:07:06.952Z"}}, {"model": "game.gameresult", "pk": 43, "fields": {"room": 1, "period": "2026061301994", "winning_number": 0, "winning_color": "violet", "total_bet_amount": "0.00", "total_win_amount": "0.00", "platform_profit": "0.00", "created_at": "2026-06-13T11:07:32.762Z"}}, {"model": "game.gameresult", "pk": 44, "fields": {"room": 2, "period": "2026061300998", "winning_number": 2, "winning_color": "red", "total_bet_amount": "0.00", "total_win_amount": "0.00", "platform_profit": "0.00", "created_at": "2026-06-13T11:08:08.509Z"}}, {"model": "game.gameresult", "pk": 45, "fields": {"room": 1, "period": "2026061301996", "winning_number": 1, "winning_color": "green", "total_bet_amount": "0.00", "total_win_amount": "0.00", "platform_profit": "0.00", "created_at": "2026-06-13T11:09:03.496Z"}}, {"model": "game.gameresult", "pk": 46, "fields": {"room": 2, "period": "2026061300999", "winning_number": 9, "winning_color": "green", "total_bet_amount": "0.00", "total_win_amount": "0.00", "platform_profit": "0.00", "created_at": "2026-06-13T11:09:10.929Z"}}, {"model": "game.gameresult", "pk": 47, "fields": {"room": 1, "period": "2026061301999", "winning_number": 2, "winning_color": "red", "total_bet_amount": "0.00", "total_win_amount": "0.00", "platform_profit": "0.00", "created_at": "2026-06-13T11:09:38.652Z"}}, {"model": "game.gameresult", "pk": 48, "fields": {"room": 1, "period": "2026061302000", "winning_number": 3, "winning_color": "green", "total_bet_amount": "0.00", "total_win_amount": "0.00", "platform_profit": "0.00", "created_at": "2026-06-13T12:05:18.553Z"}}, {"model": "game.gameresult", "pk": 49, "fields": {"room": 1, "period": "2026061302111", "winning_number": 9, "winning_color": "green", "total_bet_amount": "0.00", "total_win_amount": "0.00", "platform_profit": "0.00", "created_at": "2026-06-13T12:05:53.788Z"}}, {"model": "game.gameresult", "pk": 50, "fields": {"room": 2, "period": "2026061301000", "winning_number": 1, "winning_color": "green", "total_bet_amount": "0.00", "total_win_amount": "0.00", "platform_profit": "0.00", "created_at": "2026-06-13T12:06:24.102Z"}}, {"model": "game.gameresult", "pk": 51, "fields": {"room": 1, "period": "2026061302112", "winning_number": 6, "winning_color": "red", "total_bet_amount": "0.00", "total_win_amount": "0.00", "platform_profit": "0.00", "created_at": "2026-06-13T12:06:26.251Z"}}, {"model": "game.gameresult", "pk": 52, "fields": {"room": 3, "period": "2026061300333", "winning_number": 2, "winning_color": "red", "total_bet_amount": "0.00", "total_win_amount": "0.00", "platform_profit": "0.00", "created_at": "2026-06-13T12:06:30.855Z"}}, {"model": "game.gameresult", "pk": 53, "fields": {"room": 1, "period": "2026061302113", "winning_number": 7, "winning_color": "green", "total_bet_amount": "0.00", "total_win_amount": "0.00", "platform_profit": "0.00", "created_at": "2026-06-13T12:07:22.939Z"}}, {"model": "game.gameresult", "pk": 54, "fields": {"room": 1, "period": "2026061302115", "winning_number": 4, "winning_color": "red", "total_bet_amount": "0.00", "total_win_amount": "0.00", "platform_profit": "0.00", "created_at": "2026-06-13T12:59:34.914Z"}}, {"model": "game.gameresult", "pk": 55, "fields": {"room": 1, "period": "2026061302220", "winning_number": 2, "winning_color": "red", "total_bet_amount": "0.00", "total_win_amount": "0.00", "platform_profit": "0.00", "created_at": "2026-06-13T13:00:17.427Z"}}, {"model": "game.gameresult", "pk": 56, "fields": {"room": 2, "period": "2026061301057", "winning_number": 7, "winning_color": "green", "total_bet_amount": "0.00", "total_win_amount": "0.00", "platform_profit": "0.00", "created_at": "2026-06-13T13:00:36.066Z"}}, {"model": "game.gameresult", "pk": 57, "fields": {"room": 3, "period": "2026061300353", "winning_number": 4, "winning_color": "red", "total_bet_amount": "0.00", "total_win_amount": "0.00", "platform_profit": "0.00", "created_at": "2026-06-13T13:00:37.813Z"}}, {"model": "game.gameresult", "pk": 58, "fields": {"room": 1, "period": "2026061302221", "winning_number": 2, "winning_color": "red", "total_bet_amount": "10.00", "total_win_amount": "0.00", "platform_profit": "10.00", "created_at": "2026-06-13T13:00:49.987Z"}}, {"model": "game.gameresult", "pk": 59, "fields": {"room": 1, "period": "2026061302222", "winning_number": 7, "winning_color": "green", "total_bet_amount": "20.00", "total_win_amount": "40.00", "platform_profit": "-20.00", "created_at": "2026-06-13T13:01:22.795Z"}}, {"model": "game.gameresult", "pk": 60, "fields": {"room": 2, "period": "2026061301111", "winning_number": 7, "winning_color": "green", "total_bet_amount": "0.00", "total_win_amount": "0.00", "platform_profit": "0.00", "created_at": "2026-06-13T13:01:51.461Z"}}, {"model": "game.gameresult", "pk": 61, "fields": {"room": 1, "period": "2026061302223", "winning_number": 8, "winning_color": "red", "total_bet_amount": "5.00", "total_win_amount": "0.00", "platform_profit": "5.00", "created_at": "2026-06-13T13:01:56.061Z"}}, {"model": "game.gameresult", "pk": 62, "fields": {"room": 1, "period": "2026061302224", "winning_number": 6, "winning_color": "red", "total_bet_amount": "0.00", "total_win_amount": "0.00", "platform_profit": "0.00", "created_at": "2026-06-13T13:02:36.796Z"}}, {"model": "game.gameresult", "pk": 63, "fields": {"room": 1, "period": "2026061302226", "winning_number": 2, "winning_color": "red", "total_bet_amount": "0.00", "total_win_amount": "0.00", "platform_profit": "0.00", "created_at": "2026-06-13T13:03:11.522Z"}}, {"model": "game.gameresult", "pk": 64, "fields": {"room": 1, "period": "2026061302227", "winning_number": 8, "winning_color": "red", "total_bet_amount": "0.00", "total_win_amount": "0.00", "platform_profit": "0.00", "created_at": "2026-06-13T14:13:41.649Z"}}, {"model": "game.gameresult", "pk": 65, "fields": {"room": 2, "period": "2026061301112", "winning_number": 4, "winning_color": "red", "total_bet_amount": "0.00", "total_win_amount": "0.00", "platform_profit": "0.00", "created_at": "2026-06-13T14:14:03.469Z"}}, {"model": "game.gameresult", "pk": 66, "fields": {"room": 3, "period": "2026061300371", "winning_number": 9, "winning_color": "green", "total_bet_amount": "0.00", "total_win_amount": "0.00", "platform_profit": "0.00", "created_at": "2026-06-13T14:14:05.434Z"}}, {"model": "game.gameresult", "pk": 67, "fields": {"room": 1, "period": "2026061302368", "winning_number": 4, "winning_color": "red", "total_bet_amount": "10.00", "total_win_amount": "0.00", "platform_profit": "10.00", "created_at": "2026-06-13T14:14:14.203Z"}}, {"model": "game.gameresult", "pk": 68, "fields": {"room": 1, "period": "2026061302369", "winning_number": 6, "winning_color": "red", "total_bet_amount": "20.00", "total_win_amount": "40.00", "platform_profit": "-20.00", "created_at": "2026-06-13T14:14:46.833Z"}}, {"model": "game.gameresult", "pk": 69, "fields": {"room": 2, "period": "2026061301185", "winning_number": 5, "winning_color": "violet", "total_bet_amount": "0.00", "total_win_amount": "0.00", "platform_profit": "0.00", "created_at": "2026-06-13T14:15:06.661Z"}}, {"model": "game.gameresult", "pk": 70, "fields": {"room": 1, "period": "2026061302370", "winning_number": 2, "winning_color": "red", "total_bet_amount": "10.00", "total_win_amount": "0.00", "platform_profit": "10.00", "created_at": "2026-06-13T14:15:19.437Z"}}, {"model": "game.gameresult", "pk": 71, "fields": {"room": 1, "period": "2026061302371", "winning_number": 7, "winning_color": "green", "total_bet_amount": "0.00", "total_win_amount": "0.00", "platform_profit": "0.00", "created_at": "2026-06-13T14:36:54.090Z"}}, {"model": "game.gameresult", "pk": 72, "fields": {"room": 1, "period": "2026061302414", "winning_number": 9, "winning_color": "green", "total_bet_amount": "100.00", "total_win_amount": "0.00", "platform_profit": "100.00", "created_at": "2026-06-14T04:53:43.002Z"}}, {"model": "game.gameresult", "pk": 73, "fields": {"room": 1, "period": "2026061401248", "winning_number": 1, "winning_color": "green", "total_bet_amount": "0.00", "total_win_amount": "0.00", "platform_profit": "0.00", "created_at": "2026-06-14T04:55:15.813Z"}}, {"model": "game.gameresult", "pk": 74, "fields": {"room": 1, "period": "2026061401251", "winning_number": 7, "winning_color": "green", "total_bet_amount": "0.00", "total_win_amount": "0.00", "platform_profit": "0.00", "created_at": "2026-06-14T04:55:54.345Z"}}, {"model": "game.gameresult", "pk": 75, "fields": {"room": 1, "period": "2026061401252", "winning_number": 8, "winning_color": "red", "total_bet_amount": "0.00", "total_win_amount": "0.00", "platform_profit": "0.00", "created_at": "2026-06-14T04:57:26.414Z"}}, {"model": "game.gameresult", "pk": 76, "fields": {"room": 1, "period": "2026061401255", "winning_number": 8, "winning_color": "red", "total_bet_amount": "0.00", "total_win_amount": "0.00", "platform_profit": "0.00", "created_at": "2026-06-16T09:13:42.990Z"}}, {"model": "game.gameresult", "pk": 77, "fields": {"room": 2, "period": "2026061301186", "winning_number": 3, "winning_color": "green", "total_bet_amount": "0.00", "total_win_amount": "0.00", "platform_profit": "0.00", "created_at": "2026-06-16T09:13:51.327Z"}}, {"model": "game.gameresult", "pk": 78, "fields": {"room": 3, "period": "2026061300395", "winning_number": 1, "winning_color": "green", "total_bet_amount": "0.00", "total_win_amount": "0.00", "platform_profit": "0.00", "created_at": "2026-06-16T09:13:53.157Z"}}, {"model": "game.gameresult", "pk": 79, "fields": {"room": 1, "period": "2026061601768", "winning_number": 2, "winning_color": "red", "total_bet_amount": "0.00", "total_win_amount": "0.00", "platform_profit": "0.00", "created_at": "2026-06-16T09:14:03.236Z"}}, {"model": "game.gameresult", "pk": 80, "fields": {"room": 1, "period": "2026061601769", "winning_number": 4, "winning_color": "red", "total_bet_amount": "0.00", "total_win_amount": "0.00", "platform_profit": "0.00", "created_at": "2026-06-16T09:14:44.935Z"}}, {"model": "game.gameresult", "pk": 81, "fields": {"room": 1, "period": "2026061601770", "winning_number": 8, "winning_color": "red", "total_bet_amount": "0.00", "total_win_amount": "0.00", "platform_profit": "0.00", "created_at": "2026-06-16T09:15:03.490Z"}}, {"model": "game.gameresult", "pk": 82, "fields": {"room": 1, "period": "2026061601771", "winning_number": 2, "winning_color": "red", "total_bet_amount": "0.00", "total_win_amount": "0.00", "platform_profit": "0.00", "created_at": "2026-06-16T09:15:33.025Z"}}, {"model": "game.gameresult", "pk": 83, "fields": {"room": 1, "period": "2026061601772", "winning_number": 4, "winning_color": "red", "total_bet_amount": "0.00", "total_win_amount": "0.00", "platform_profit": "0.00", "created_at": "2026-06-16T09:16:02.612Z"}}, {"model": "game.gameresult", "pk": 84, "fields": {"room": 1, "period": "2026061601773", "winning_number": 6, "winning_color": "red", "total_bet_amount": "0.00", "total_win_amount": "0.00", "platform_profit": "0.00", "created_at": "2026-06-16T09:16:33.166Z"}}, {"model": "game.gameresult", "pk": 85, "fields": {"room": 1, "period": "2026061601774", "winning_number": 1, "winning_color": "green", "total_bet_amount": "0.00", "total_win_amount": "0.00", "platform_profit": "0.00", "created_at": "2026-06-16T09:17:02.719Z"}}, {"model": "game.gameresult", "pk": 86, "fields": {"room": 1, "period": "2026061601775", "winning_number": 1, "winning_color": "green", "total_bet_amount": "0.00", "total_win_amount": "0.00", "platform_profit": "0.00", "created_at": "2026-06-16T09:17:33.267Z"}}, {"model": "game.gameresult", "pk": 87, "fields": {"room": 1, "period": "2026061601776", "winning_number": 7, "winning_color": "green", "total_bet_amount": "0.00", "total_win_amount": "0.00", "platform_profit": "0.00", "created_at": "2026-06-16T09:18:02.806Z"}}, {"model": "game.gameresult", "pk": 88, "fields": {"room": 1, "period": "2026061601777", "winning_number": 9, "winning_color": "green", "total_bet_amount": "0.00", "total_win_amount": "0.00", "platform_profit": "0.00", "created_at": "2026-06-16T09:18:33.363Z"}}, {"model": "game.gameresult", "pk": 89, "fields": {"room": 1, "period": "2026061601778", "winning_number": 6, "winning_color": "red", "total_bet_amount": "0.00", "total_win_amount": "0.00", "platform_profit": "0.00", "created_at": "2026-06-16T09:19:04.912Z"}}, {"model": "game.gameresult", "pk": 90, "fields": {"room": 1, "period": "2026061601779", "winning_number": 8, "winning_color": "red", "total_bet_amount": "0.00", "total_win_amount": "0.00", "platform_profit": "0.00", "created_at": "2026-06-16T09:19:33.451Z"}}, {"model": "game.gameresult", "pk": 91, "fields": {"room": 1, "period": "2026061601780", "winning_number": 4, "winning_color": "red", "total_bet_amount": "0.00", "total_win_amount": "0.00", "platform_profit": "0.00", "created_at": "2026-06-16T09:20:03.612Z"}}, {"model": "game.gameresult", "pk": 92, "fields": {"room": 1, "period": "2026061601781", "winning_number": 8, "winning_color": "red", "total_bet_amount": "0.00", "total_win_amount": "0.00", "platform_profit": "0.00", "created_at": "2026-06-16T09:22:48.157Z"}}, {"model": "game.gameresult", "pk": 93, "fields": {"room": 1, "period": "2026061601786", "winning_number": 6, "winning_color": "red", "total_bet_amount": "0.00", "total_win_amount": "0.00", "platform_profit": "0.00", "created_at": "2026-06-16T09:23:03.625Z"}}, {"model": "game.gameresult", "pk": 94, "fields": {"room": 1, "period": "2026061601787", "winning_number": 8, "winning_color": "red", "total_bet_amount": "0.00", "total_win_amount": "0.00", "platform_profit": "0.00", "created_at": "2026-06-16T09:30:21.614Z"}}, {"model": "game.gameresult", "pk": 95, "fields": {"room": 1, "period": "2026061601801", "winning_number": 2, "winning_color": "red", "total_bet_amount": "0.00", "total_win_amount": "0.00", "platform_profit": "0.00", "created_at": "2026-06-16T09:35:21.643Z"}}, {"model": "game.gameresult", "pk": 96, "fields": {"room": 1, "period": "2026061601811", "winning_number": 2, "winning_color": "red", "total_bet_amount": "0.00", "total_win_amount": "0.00", "platform_profit": "0.00", "created_at": "2026-06-16T09:40:21.617Z"}}, {"model": "game.gameresult", "pk": 97, "fields": {"room": 1, "period": "2026061601821", "winning_number": 9, "winning_color": "green", "total_bet_amount": "0.00", "total_win_amount": "0.00", "platform_profit": "0.00", "created_at": "2026-06-16T09:45:21.620Z"}}, {"model": "game.gameresult", "pk": 98, "fields": {"room": 1, "period": "2026061601831", "winning_number": 3, "winning_color": "green", "total_bet_amount": "0.00", "total_win_amount": "0.00", "platform_profit": "0.00", "created_at": "2026-06-16T09:50:21.636Z"}}, {"model": "game.gameresult", "pk": 99, "fields": {"room": 1, "period": "2026061601841", "winning_number": 3, "winning_color": "green", "total_bet_amount": "0.00", "total_win_amount": "0.00", "platform_profit": "0.00", "created_at": "2026-06-16T09:55:21.618Z"}}, {"model": "game.gameresult", "pk": 100, "fields": {"room": 1, "period": "2026061601851", "winning_number": 1, "winning_color": "green", "total_bet_amount": "0.00", "total_win_amount": "0.00", "platform_profit": "0.00", "created_at": "2026-06-16T10:00:21.647Z"}}, {"model": "game.gameresult", "pk": 101, "fields": {"room": 1, "period": "2026061601861", "winning_number": 8, "winning_color": "red", "total_bet_amount": "0.00", "total_win_amount": "0.00", "platform_profit": "0.00", "created_at": "2026-06-16T10:05:21.626Z"}}, {"model": "game.gameresult", "pk": 102, "fields": {"room": 1, "period": "2026061601871", "winning_number": 2, "winning_color": "red", "total_bet_amount": "0.00", "total_win_amount": "0.00", "platform_profit": "0.00", "created_at": "2026-06-16T10:10:21.648Z"}}, {"model": "game.gameresult", "pk": 103, "fields": {"room": 1, "period": "2026061601881", "winning_number": 8, "winning_color": "red", "total_bet_amount": "0.00", "total_win_amount": "0.00", "platform_profit": "0.00", "created_at": "2026-06-16T10:15:21.630Z"}}, {"model": "game.gameresult", "pk": 104, "fields": {"room": 1, "period": "2026061601891", "winning_number": 8, "winning_color": "red", "total_bet_amount": "0.00", "total_win_amount": "0.00", "platform_profit": "0.00", "created_at": "2026-06-16T10:20:21.621Z"}}, {"model": "game.gameresult", "pk": 105, "fields": {"room": 1, "period": "2026061601901", "winning_number": 2, "winning_color": "red", "total_bet_amount": "0.00", "total_win_amount": "0.00", "platform_profit": "0.00", "created_at": "2026-06-16T10:25:21.642Z"}}, {"model": "game.gameresult", "pk": 106, "fields": {"room": 1, "period": "2026061601911", "winning_number": 2, "winning_color": "red", "total_bet_amount": "0.00", "total_win_amount": "0.00", "platform_profit": "0.00", "created_at": "2026-06-16T10:31:36.822Z"}}, {"model": "game.gameresult", "pk": 107, "fields": {"room": 1, "period": "2026061601924", "winning_number": 2, "winning_color": "red", "total_bet_amount": "0.00", "total_win_amount": "0.00", "platform_profit": "0.00", "created_at": "2026-06-16T10:51:21.647Z"}}, {"model": "game.gameresult", "pk": 108, "fields": {"room": 1, "period": "2026061601963", "winning_number": 6, "winning_color": "red", "total_bet_amount": "0.00", "total_win_amount": "0.00", "platform_profit": "0.00", "created_at": "2026-06-16T10:56:21.621Z"}}, {"model": "game.gameresult", "pk": 109, "fields": {"room": 1, "period": "2026061601973", "winning_number": 7, "winning_color": "green", "total_bet_amount": "0.00", "total_win_amount": "0.00", "platform_profit": "0.00", "created_at": "2026-06-16T11:01:21.612Z"}}, {"model": "game.gameresult", "pk": 110, "fields": {"room": 1, "period": "2026061601983", "winning_number": 9, "winning_color": "green", "total_bet_amount": "0.00", "total_win_amount": "0.00", "platform_profit": "0.00", "created_at": "2026-06-16T11:06:21.634Z"}}, {"model": "game.gameresult", "pk": 111, "fields": {"room": 1, "period": "2026061601993", "winning_number": 7, "winning_color": "green", "total_bet_amount": "0.00", "total_win_amount": "0.00", "platform_profit": "0.00", "created_at": "2026-06-16T11:11:21.622Z"}}, {"model": "game.gameresult", "pk": 112, "fields": {"room": 1, "period": "2026061602003", "winning_number": 3, "winning_color": "green", "total_bet_amount": "0.00", "total_win_amount": "0.00", "platform_profit": "0.00", "created_at": "2026-06-16T11:16:21.686Z"}}, {"model": "game.gameresult", "pk": 113, "fields": {"room": 1, "period": "2026061602013", "winning_number": 6, "winning_color": "red", "total_bet_amount": "0.00", "total_win_amount": "0.00", "platform_profit": "0.00", "created_at": "2026-06-16T11:21:21.620Z"}}, {"model": "game.gameresult", "pk": 114, "fields": {"room": 1, "period": "2026061602023", "winning_number": 8, "winning_color": "red", "total_bet_amount": "0.00", "total_win_amount": "0.00", "platform_profit": "0.00", "created_at": "2026-06-16T11:26:21.615Z"}}, {"model": "game.gameresult", "pk": 115, "fields": {"room": 1, "period": "2026061602033", "winning_number": 6, "winning_color": "red", "total_bet_amount": "0.00", "total_win_amount": "0.00", "platform_profit": "0.00", "created_at": "2026-06-16T11:31:21.616Z"}}, {"model": "game.gameresult", "pk": 116, "fields": {"room": 1, "period": "2026061602043", "winning_number": 4, "winning_color": "red", "total_bet_amount": "0.00", "total_win_amount": "0.00", "platform_profit": "0.00", "created_at": "2026-06-16T11:36:21.615Z"}}, {"model": "game.gameresult", "pk": 117, "fields": {"room": 1, "period": "2026061602053", "winning_number": 8, "winning_color": "red", "total_bet_amount": "0.00", "total_win_amount": "0.00", "platform_profit": "0.00", "created_at": "2026-06-16T11:41:21.641Z"}}, {"model": "game.gameresult", "pk": 118, "fields": {"room": 1, "period": "2026061602063", "winning_number": 2, "winning_color": "red", "total_bet_amount": "0.00", "total_win_amount": "0.00", "platform_profit": "0.00", "created_at": "2026-06-16T11:46:21.654Z"}}, {"model": "game.gameresult", "pk": 119, "fields": {"room": 1, "period": "2026061602073", "winning_number": 4, "winning_color": "red", "total_bet_amount": "0.00", "total_win_amount": "0.00", "platform_profit": "0.00", "created_at": "2026-06-16T11:51:21.619Z"}}, {"model": "game.gameresult", "pk": 120, "fields": {"room": 1, "period": "2026061602083", "winning_number": 2, "winning_color": "red", "total_bet_amount": "0.00", "total_win_amount": "0.00", "platform_profit": "0.00", "created_at": "2026-06-16T11:56:21.640Z"}}, {"model": "game.gameresult", "pk": 121, "fields": {"room": 1, "period": "2026061602093", "winning_number": 9, "winning_color": "green", "total_bet_amount": "0.00", "total_win_amount": "0.00", "platform_profit": "0.00", "created_at": "2026-06-16T12:01:21.620Z"}}, {"model": "game.gameresult", "pk": 122, "fields": {"room": 1, "period": "2026061602103", "winning_number": 7, "winning_color": "green", "total_bet_amount": "0.00", "total_win_amount": "0.00", "platform_profit": "0.00", "created_at": "2026-06-16T12:06:21.612Z"}}, {"model": "game.gameresult", "pk": 123, "fields": {"room": 1, "period": "2026061602113", "winning_number": 1, "winning_color": "green", "total_bet_amount": "0.00", "total_win_amount": "0.00", "platform_profit": "0.00", "created_at": "2026-06-16T12:11:21.641Z"}}, {"model": "game.gameresult", "pk": 124, "fields": {"room": 1, "period": "2026061602123", "winning_number": 3, "winning_color": "green", "total_bet_amount": "0.00", "total_win_amount": "0.00", "platform_profit": "0.00", "created_at": "2026-06-16T12:16:21.618Z"}}, {"model": "game.gameresult", "pk": 125, "fields": {"room": 1, "period": "2026061602133", "winning_number": 2, "winning_color": "red", "total_bet_amount": "0.00", "total_win_amount": "0.00", "platform_profit": "0.00", "created_at": "2026-06-16T12:21:21.637Z"}}, {"model": "game.gameresult", "pk": 126, "fields": {"room": 1, "period": "2026061602143", "winning_number": 4, "winning_color": "red", "total_bet_amount": "0.00", "total_win_amount": "0.00", "platform_profit": "0.00", "created_at": "2026-06-16T12:26:21.624Z"}}, {"model": "game.gameresult", "pk": 127, "fields": {"room": 1, "period": "2026061602153", "winning_number": 4, "winning_color": "red", "total_bet_amount": "0.00", "total_win_amount": "0.00", "platform_profit": "0.00", "created_at": "2026-06-16T12:31:21.645Z"}}, {"model": "game.gameresult", "pk": 128, "fields": {"room": 1, "period": "2026061602163", "winning_number": 4, "winning_color": "red", "total_bet_amount": "0.00", "total_win_amount": "0.00", "platform_profit": "0.00", "created_at": "2026-06-16T12:36:21.662Z"}}, {"model": "game.gameresult", "pk": 129, "fields": {"room": 1, "period": "2026061602173", "winning_number": 4, "winning_color": "red", "total_bet_amount": "0.00", "total_win_amount": "0.00", "platform_profit": "0.00", "created_at": "2026-06-16T12:41:21.620Z"}}, {"model": "game.gameresult", "pk": 130, "fields": {"room": 1, "period": "2026061602183", "winning_number": 4, "winning_color": "red", "total_bet_amount": "0.00", "total_win_amount": "0.00", "platform_profit": "0.00", "created_at": "2026-06-16T12:46:21.676Z"}}, {"model": "game.gameresult", "pk": 131, "fields": {"room": 1, "period": "2026061602193", "winning_number": 4, "winning_color": "red", "total_bet_amount": "0.00", "total_win_amount": "0.00", "platform_profit": "0.00", "created_at": "2026-06-16T12:51:21.658Z"}}, {"model": "game.gameresult", "pk": 132, "fields": {"room": 1, "period": "2026061602203", "winning_number": 2, "winning_color": "red", "total_bet_amount": "0.00", "total_win_amount": "0.00", "platform_profit": "0.00", "created_at": "2026-06-16T12:56:21.654Z"}}, {"model": "game.gameresult", "pk": 133, "fields": {"room": 1, "period": "2026061602213", "winning_number": 1, "winning_color": "green", "total_bet_amount": "0.00", "total_win_amount": "0.00", "platform_profit": "0.00", "created_at": "2026-06-16T13:01:21.622Z"}}, {"model": "game.gameresult", "pk": 134, "fields": {"room": 1, "period": "2026061602223", "winning_number": 3, "winning_color": "green", "total_bet_amount": "0.00", "total_win_amount": "0.00", "platform_profit": "0.00", "created_at": "2026-06-16T13:06:21.623Z"}}, {"model": "game.gameresult", "pk": 135, "fields": {"room": 1, "period": "2026061602233", "winning_number": 1, "winning_color": "green", "total_bet_amount": "0.00", "total_win_amount": "0.00", "platform_profit": "0.00", "created_at": "2026-06-16T13:11:21.688Z"}}, {"model": "game.gameresult", "pk": 136, "fields": {"room": 1, "period": "2026061602243", "winning_number": 1, "winning_color": "green", "total_bet_amount": "0.00", "total_win_amount": "0.00", "platform_profit": "0.00", "created_at": "2026-06-16T13:16:21.619Z"}}, {"model": "game.gameresult", "pk": 137, "fields": {"room": 1, "period": "2026061602253", "winning_number": 4, "winning_color": "red", "total_bet_amount": "0.00", "total_win_amount": "0.00", "platform_profit": "0.00", "created_at": "2026-06-16T13:21:21.654Z"}}, {"model": "game.gameresult", "pk": 138, "fields": {"room": 1, "period": "2026061602263", "winning_number": 2, "winning_color": "red", "total_bet_amount": "0.00", "total_win_amount": "0.00", "platform_profit": "0.00", "created_at": "2026-06-16T15:57:24.916Z"}}, {"model": "game.gameresult", "pk": 139, "fields": {"room": 1, "period": "2026061602575", "winning_number": 4, "winning_color": "red", "total_bet_amount": "0.00", "total_win_amount": "0.00", "platform_profit": "0.00", "created_at": "2026-06-16T15:58:29.761Z"}}, {"model": "game.gameresult", "pk": 140, "fields": {"room": 1, "period": "2026061602577", "winning_number": 6, "winning_color": "red", "total_bet_amount": "0.00", "total_win_amount": "0.00", "platform_profit": "0.00", "created_at": "2026-06-16T15:58:33.315Z"}}, {"model": "game.gameresult", "pk": 141, "fields": {"room": 1, "period": "2026061602578", "winning_number": 8, "winning_color": "red", "total_bet_amount": "0.00", "total_win_amount": "0.00", "platform_profit": "0.00", "created_at": "2026-06-16T15:59:02.851Z"}}, {"model": "game.gameresult", "pk": 142, "fields": {"room": 1, "period": "2026061602579", "winning_number": 2, "winning_color": "red", "total_bet_amount": "0.00", "total_win_amount": "0.00", "platform_profit": "0.00", "created_at": "2026-06-16T15:59:33.298Z"}}, {"model": "game.gameresult", "pk": 143, "fields": {"room": 1, "period": "2026061602580", "winning_number": 2, "winning_color": "red", "total_bet_amount": "0.00", "total_win_amount": "0.00", "platform_profit": "0.00", "created_at": "2026-06-16T16:00:02.847Z"}}, {"model": "game.gameresult", "pk": 144, "fields": {"room": 1, "period": "2026061602581", "winning_number": 2, "winning_color": "red", "total_bet_amount": "0.00", "total_win_amount": "0.00", "platform_profit": "0.00", "created_at": "2026-06-16T16:00:33.373Z"}}, {"model": "game.gameresult", "pk": 145, "fields": {"room": 1, "period": "2026061602582", "winning_number": 3, "winning_color": "green", "total_bet_amount": "0.00", "total_win_amount": "0.00", "platform_profit": "0.00", "created_at": "2026-06-16T16:02:08.314Z"}}, {"model": "game.gameresult", "pk": 146, "fields": {"room": 1, "period": "2026061602585", "winning_number": 7, "winning_color": "green", "total_bet_amount": "0.00", "total_win_amount": "0.00", "platform_profit": "0.00", "created_at": "2026-06-16T16:14:04.407Z"}}, {"model": "game.gameresult", "pk": 147, "fields": {"room": 1, "period": "2026061602609", "winning_number": 9, "winning_color": "green", "total_bet_amount": "0.00", "total_win_amount": "0.00", "platform_profit": "0.00", "created_at": "2026-06-16T16:15:21.948Z"}}, {"model": "game.gameresult", "pk": 148, "fields": {"room": 1, "period": "2026061602611", "winning_number": 3, "winning_color": "green", "total_bet_amount": "0.00", "total_win_amount": "0.00", "platform_profit": "0.00", "created_at": "2026-06-16T16:15:35.090Z"}}, {"model": "game.gameresult", "pk": 149, "fields": {"room": 1, "period": "2026061602612", "winning_number": 8, "winning_color": "red", "total_bet_amount": "0.00", "total_win_amount": "0.00", "platform_profit": "0.00", "created_at": "2026-06-16T16:16:02.630Z"}}, {"model": "game.gameresult", "pk": 150, "fields": {"room": 1, "period": "2026061602613", "winning_number": 6, "winning_color": "red", "total_bet_amount": "0.00", "total_win_amount": "0.00", "platform_profit": "0.00", "created_at": "2026-06-16T16:16:33.159Z"}}, {"model": "game.gameresult", "pk": 151, "fields": {"room": 1, "period": "2026061602614", "winning_number": 2, "winning_color": "red", "total_bet_amount": "0.00", "total_win_amount": "0.00", "platform_profit": "0.00", "created_at": "2026-06-16T16:17:02.710Z"}}, {"model": "game.gameresult", "pk": 152, "fields": {"room": 1, "period": "2026061602615", "winning_number": 2, "winning_color": "red", "total_bet_amount": "0.00", "total_win_amount": "0.00", "platform_profit": "0.00", "created_at": "2026-06-16T16:17:33.246Z"}}, {"model": "game.gameresult", "pk": 153, "fields": {"room": 1, "period": "2026061602616", "winning_number": 4, "winning_color": "red", "total_bet_amount": "0.00", "total_win_amount": "0.00", "platform_profit": "0.00", "created_at": "2026-06-16T16:18:02.804Z"}}, {"model": "game.gameresult", "pk": 154, "fields": {"room": 1, "period": "2026061602617", "winning_number": 4, "winning_color": "red", "total_bet_amount": "0.00", "total_win_amount": "0.00", "platform_profit": "0.00", "created_at": "2026-06-16T16:18:33.325Z"}}, {"model": "game.gameresult", "pk": 155, "fields": {"room": 1, "period": "2026061602618", "winning_number": 4, "winning_color": "red", "total_bet_amount": "0.00", "total_win_amount": "0.00", "platform_profit": "0.00", "created_at": "2026-06-16T16:19:02.856Z"}}, {"model": "game.gameresult", "pk": 156, "fields": {"room": 1, "period": "2026061602619", "winning_number": 8, "winning_color": "red", "total_bet_amount": "0.00", "total_win_amount": "0.00", "platform_profit": "0.00", "created_at": "2026-06-16T16:19:33.382Z"}}, {"model": "game.gameresult", "pk": 157, "fields": {"room": 1, "period": "2026061602620", "winning_number": 1, "winning_color": "green", "total_bet_amount": "0.00", "total_win_amount": "0.00", "platform_profit": "0.00", "created_at": "2026-06-16T16:20:02.907Z"}}, {"model": "game.gameresult", "pk": 158, "fields": {"room": 1, "period": "2026061602621", "winning_number": 1, "winning_color": "green", "total_bet_amount": "0.00", "total_win_amount": "0.00", "platform_profit": "0.00", "created_at": "2026-06-16T16:20:47.073Z"}}, {"model": "game.gameresult", "pk": 159, "fields": {"room": 1, "period": "2026061602622", "winning_number": 7, "winning_color": "green", "total_bet_amount": "0.00", "total_win_amount": "0.00", "platform_profit": "0.00", "created_at": "2026-06-16T16:21:02.571Z"}}, {"model": "game.gameresult", "pk": 160, "fields": {"room": 1, "period": "2026061602623", "winning_number": 3, "winning_color": "green", "total_bet_amount": "0.00", "total_win_amount": "0.00", "platform_profit": "0.00", "created_at": "2026-06-16T16:21:33.446Z"}}, {"model": "game.gameresult", "pk": 161, "fields": {"room": 1, "period": "2026061602624", "winning_number": 4, "winning_color": "red", "total_bet_amount": "0.00", "total_win_amount": "0.00", "platform_profit": "0.00", "created_at": "2026-06-16T16:22:03.542Z"}}, {"model": "game.gameresult", "pk": 162, "fields": {"room": 1, "period": "2026061602625", "winning_number": 6, "winning_color": "red", "total_bet_amount": "0.00", "total_win_amount": "0.00", "platform_profit": "0.00", "created_at": "2026-06-16T16:25:23.034Z"}}, {"model": "game.gameresult", "pk": 163, "fields": {"room": 1, "period": "2026061602631", "winning_number": 8, "winning_color": "red", "total_bet_amount": "0.00", "total_win_amount": "0.00", "platform_profit": "0.00", "created_at": "2026-06-16T16:25:50.570Z"}}, {"model": "game.gameresult", "pk": 164, "fields": {"room": 1, "period": "2026061602632", "winning_number": 8, "winning_color": "red", "total_bet_amount": "0.00", "total_win_amount": "0.00", "platform_profit": "0.00", "created_at": "2026-06-16T16:26:03.102Z"}}, {"model": "game.gameresult", "pk": 165, "fields": {"room": 1, "period": "2026061602633", "winning_number": 4, "winning_color": "red", "total_bet_amount": "0.00", "total_win_amount": "0.00", "platform_profit": "0.00", "created_at": "2026-06-16T16:26:32.626Z"}}, {"model": "game.gameresult", "pk": 166, "fields": {"room": 1, "period": "2026061602634", "winning_number": 4, "winning_color": "red", "total_bet_amount": "0.00", "total_win_amount": "0.00", "platform_profit": "0.00", "created_at": "2026-06-16T16:27:03.150Z"}}, {"model": "game.gameresult", "pk": 167, "fields": {"room": 1, "period": "2026061602635", "winning_number": 6, "winning_color": "red", "total_bet_amount": "0.00", "total_win_amount": "0.00", "platform_profit": "0.00", "created_at": "2026-06-16T16:27:32.681Z"}}, {"model": "game.gameresult", "pk": 168, "fields": {"room": 1, "period": "2026061602636", "winning_number": 2, "winning_color": "red", "total_bet_amount": "0.00", "total_win_amount": "0.00", "platform_profit": "0.00", "created_at": "2026-06-16T16:28:03.200Z"}}, {"model": "game.gameresult", "pk": 169, "fields": {"room": 1, "period": "2026061602637", "winning_number": 7, "winning_color": "green", "total_bet_amount": "0.00", "total_win_amount": "0.00", "platform_profit": "0.00", "created_at": "2026-06-16T16:28:32.738Z"}}, {"model": "game.gameresult", "pk": 170, "fields": {"room": 1, "period": "2026061602638", "winning_number": 3, "winning_color": "green", "total_bet_amount": "0.00", "total_win_amount": "0.00", "platform_profit": "0.00", "created_at": "2026-06-16T16:29:03.260Z"}}, {"model": "game.gameresult", "pk": 171, "fields": {"room": 1, "period": "2026061602639", "winning_number": 1, "winning_color": "green", "total_bet_amount": "0.00", "total_win_amount": "0.00", "platform_profit": "0.00", "created_at": "2026-06-16T16:29:32.780Z"}}, {"model": "game.gameresult", "pk": 172, "fields": {"room": 1, "period": "2026061602640", "winning_number": 7, "winning_color": "green", "total_bet_amount": "0.00", "total_win_amount": "0.00", "platform_profit": "0.00", "created_at": "2026-06-16T16:30:03.295Z"}}, {"model": "game.gameresult", "pk": 173, "fields": {"room": 1, "period": "2026061602641", "winning_number": 6, "winning_color": "red", "total_bet_amount": "0.00", "total_win_amount": "0.00", "platform_profit": "0.00", "created_at": "2026-06-16T16:30:32.822Z"}}, {"model": "game.gameresult", "pk": 174, "fields": {"room": 1, "period": "2026061602642", "winning_number": 8, "winning_color": "red", "total_bet_amount": "0.00", "total_win_amount": "0.00", "platform_profit": "0.00", "created_at": "2026-06-16T16:31:03.347Z"}}, {"model": "game.gameresult", "pk": 175, "fields": {"room": 1, "period": "2026061602643", "winning_number": 2, "winning_color": "red", "total_bet_amount": "0.00", "total_win_amount": "0.00", "platform_profit": "0.00", "created_at": "2026-06-16T16:31:32.871Z"}}, {"model": "game.gameresult", "pk": 176, "fields": {"room": 1, "period": "2026061602644", "winning_number": 4, "winning_color": "red", "total_bet_amount": "0.00", "total_win_amount": "0.00", "platform_profit": "0.00", "created_at": "2026-06-16T16:32:03.395Z"}}, {"model": "game.gameresult", "pk": 177, "fields": {"room": 1, "period": "2026061602645", "winning_number": 8, "winning_color": "red", "total_bet_amount": "0.00", "total_win_amount": "0.00", "platform_profit": "0.00", "created_at": "2026-06-16T16:32:32.917Z"}}, {"model": "game.gameresult", "pk": 178, "fields": {"room": 1, "period": "2026061602646", "winning_number": 4, "winning_color": "red", "total_bet_amount": "0.00", "total_win_amount": "0.00", "platform_profit": "0.00", "created_at": "2026-06-16T16:33:03.446Z"}}, {"model": "game.gameresult", "pk": 179, "fields": {"room": 1, "period": "2026061602647", "winning_number": 4, "winning_color": "red", "total_bet_amount": "0.00", "total_win_amount": "0.00", "platform_profit": "0.00", "created_at": "2026-06-16T16:33:54.709Z"}}, {"model": "game.gameresult", "pk": 180, "fields": {"room": 2, "period": "2026061600884", "winning_number": 9, "winning_color": "green", "total_bet_amount": "0.00", "total_win_amount": "0.00", "platform_profit": "0.00", "created_at": "2026-06-16T16:34:01.379Z"}}, {"model": "game.gameresult", "pk": 181, "fields": {"room": 2, "period": "2026061601325", "winning_number": 9, "winning_color": "green", "total_bet_amount": "135.00", "total_win_amount": "243.00", "platform_profit": "-108.00", "created_at": "2026-06-16T16:35:02.910Z"}}, {"model": "game.bet", "pk": 1, "fields": {"user": 6, "room": 1, "period": "2026061302221", "bet_type": "color", "selection": "green", "amount": "10.00", "status": "lost", "winning_amount": "0.00", "created_at": "2026-06-13T13:00:26.380Z"}}, {"model": "game.bet", "pk": 2, "fields": {"user": 6, "room": 1, "period": "2026061302222", "bet_type": "color", "selection": "green", "amount": "20.00", "status": "won", "winning_amount": "40.00", "created_at": "2026-06-13T13:00:58.496Z"}}, {"model": "game.bet", "pk": 3, "fields": {"user": 6, "room": 1, "period": "2026061302223", "bet_type": "number", "selection": "0", "amount": "5.00", "status": "lost", "winning_amount": "0.00", "created_at": "2026-06-13T13:01:43.080Z"}}, {"model": "game.bet", "pk": 4, "fields": {"user": 6, "room": 1, "period": "2026061302368", "bet_type": "color", "selection": "green", "amount": "10.00", "status": "lost", "winning_amount": "0.00", "created_at": "2026-06-13T14:13:49.863Z"}}, {"model": "game.bet", "pk": 5, "fields": {"user": 6, "room": 1, "period": "2026061302369", "bet_type": "color", "selection": "red", "amount": "20.00", "status": "won", "winning_amount": "40.00", "created_at": "2026-06-13T14:14:29.920Z"}}, {"model": "game.bet", "pk": 6, "fields": {"user": 6, "room": 1, "period": "2026061302370", "bet_type": "color", "selection": "green", "amount": "10.00", "status": "lost", "winning_amount": "0.00", "created_at": "2026-06-13T14:14:59.156Z"}}, {"model": "game.bet", "pk": 7, "fields": {"user": 14, "room": 1, "period": "2026061302414", "bet_type": "color", "selection": "green", "amount": "100.00", "status": "won", "winning_amount": "180.00", "created_at": "2026-06-13T14:54:56.076Z"}}, {"model": "game.bet", "pk": 8, "fields": {"user": 6, "room": 2, "period": "2026061601325", "bet_type": "color", "selection": "green", "amount": "100.00", "status": "won", "winning_amount": "180.00", "created_at": "2026-06-16T16:34:10.463Z"}}, {"model": "game.bet", "pk": 9, "fields": {"user": 6, "room": 2, "period": "2026061601325", "bet_type": "color", "selection": "green", "amount": "20.00", "status": "won", "winning_amount": "36.00", "created_at": "2026-06-16T16:34:36.690Z"}}, {"model": "game.bet", "pk": 10, "fields": {"user": 6, "room": 2, "period": "2026061601325", "bet_type": "color", "selection": "green", "amount": "15.00", "status": "won", "winning_amount": "27.00", "created_at": "2026-06-16T16:34:46.469Z"}}, {"model": "wallet.wallet", "pk": 1, "fields": {"user": 1, "deposit_balance": "0.00", "winning_balance": "0.00", "bonus_balance": "0.00", "created_at": "2026-06-03T18:37:23.834Z", "updated_at": "2026-06-03T18:37:23.834Z"}}, {"model": "wallet.wallet", "pk": 2, "fields": {"user": 2, "deposit_balance": "0.00", "winning_balance": "0.00", "bonus_balance": "0.00", "created_at": "2026-06-03T18:40:06.574Z", "updated_at": "2026-06-03T18:40:06.574Z"}}, {"model": "wallet.wallet", "pk": 3, "fields": {"user": 3, "deposit_balance": "0.00", "winning_balance": "0.00", "bonus_balance": "50.00", "created_at": "2026-06-03T18:41:01.564Z", "updated_at": "2026-06-03T18:41:01.570Z"}}, {"model": "wallet.wallet", "pk": 4, "fields": {"user": 4, "deposit_balance": "0.00", "winning_balance": "0.00", "bonus_balance": "50.00", "created_at": "2026-06-03T18:44:03.660Z", "updated_at": "2026-06-03T18:44:03.665Z"}}, {"model": "wallet.wallet", "pk": 5, "fields": {"user": 5, "deposit_balance": "0.00", "winning_balance": "0.00", "bonus_balance": "50.00", "created_at": "2026-06-03T18:45:49.514Z", "updated_at": "2026-06-03T18:45:49.521Z"}}, {"model": "wallet.wallet", "pk": 6, "fields": {"user": 6, "deposit_balance": "0.00", "winning_balance": "243.00", "bonus_balance": "0.00", "created_at": "2026-06-13T10:08:32.701Z", "updated_at": "2026-06-16T16:35:02.916Z"}}, {"model": "wallet.wallet", "pk": 8, "fields": {"user": 14, "deposit_balance": "1650.00", "winning_balance": "180.00", "bonus_balance": "0.00", "created_at": "2026-06-13T14:54:56.025Z", "updated_at": "2026-06-13T14:54:56.112Z"}}, {"model": "wallet.wallet", "pk": 9, "fields": {"user": 11, "deposit_balance": "0.70", "winning_balance": "0.00", "bonus_balance": "0.00", "created_at": "2026-06-13T14:54:56.029Z", "updated_at": "2026-06-13T14:54:56.099Z"}}, {"model": "wallet.wallet", "pk": 10, "fields": {"user": 12, "deposit_balance": "1.00", "winning_balance": "0.00", "bonus_balance": "0.00", "created_at": "2026-06-13T14:54:56.033Z", "updated_at": "2026-06-13T14:54:56.089Z"}}, {"model": "wallet.wallet", "pk": 11, "fields": {"user": 13, "deposit_balance": "252.00", "winning_balance": "0.00", "bonus_balance": "0.00", "created_at": "2026-06-13T14:54:56.036Z", "updated_at": "2026-06-13T14:54:56.079Z"}}, {"model": "wallet.recharge", "pk": 2, "fields": {"user": 14, "amount": "500.00", "utr_number": "TESTUTR123", "qr_code_used": "", "upi_id_used": "", "status": "approved", "processed_by": 11, "processed_at": "2026-06-13T14:54:56.046Z", "rejection_reason": null, "created_at": "2026-06-13T14:54:56.042Z", "updated_at": "2026-06-13T14:54:56.046Z"}}, {"model": "wallet.recharge", "pk": 3, "fields": {"user": 6, "amount": "50.00", "utr_number": "123456789009", "qr_code_used": "", "upi_id_used": "", "status": "approved", "processed_by": 1, "processed_at": "2026-06-16T15:55:56.722Z", "rejection_reason": null, "created_at": "2026-06-16T15:55:10.242Z", "updated_at": "2026-06-16T15:55:56.722Z"}}, {"model": "wallet.withdraw", "pk": 1, "fields": {"user": 6, "amount": "80.00", "upi_id": "abc@upi", "bank_name": "idbi bank", "account_holder_name": "Rishu", "status": "success", "processed_by": 1, "processed_at": "2026-06-16T16:01:48.967Z", "rejection_reason": null, "created_at": "2026-06-16T15:57:43.453Z", "updated_at": "2026-06-16T16:01:48.967Z"}}, {"model": "wallet.bankdetail", "pk": 1, "fields": {"user": 6, "upi_id": "abc@upi", "bank_name": "idbi bank", "account_holder_name": "Rishu", "is_verified": true, "verified_at": "2026-06-16T15:54:19.841Z", "verified_by": null, "created_at": "2026-06-16T15:54:19.841Z", "updated_at": "2026-06-16T15:54:19.841Z"}}, {"model": "wallet.referralcommission", "pk": 1, "fields": {"referrer": 13, "referred_user": 14, "amount": "250.00", "commission_type": "signup", "level": 1, "source_recharge": null, "description": "First recharge bonus for referring GAMER4157", "created_at": "2026-06-13T14:54:56.061Z"}}, {"model": "wallet.referralcommission", "pk": 2, "fields": {"referrer": 13, "referred_user": 14, "amount": "2.00", "commission_type": "level_1", "level": 1, "source_recharge": null, "description": "Level 1 bet commission from GAMER4157's bet (Bet ID: 7)", "created_at": "2026-06-13T14:54:56.083Z"}}, {"model": "wallet.referralcommission", "pk": 3, "fields": {"referrer": 12, "referred_user": 14, "amount": "1.00", "commission_type": "level_2", "level": 2, "source_recharge": null, "description": "Level 2 bet commission from GAMER4157's bet (Bet ID: 7)", "created_at": "2026-06-13T14:54:56.092Z"}}, {"model": "wallet.referralcommission", "pk": 4, "fields": {"referrer": 11, "referred_user": 14, "amount": "0.70", "commission_type": "level_3", "level": 3, "source_recharge": null, "description": "Level 3 bet commission from GAMER4157's bet (Bet ID: 7)", "created_at": "2026-06-13T14:54:56.103Z"}}, {"model": "wallet.transaction", "pk": 1, "fields": {"user": 3, "transaction_type": "signup_bonus", "amount": "50.00", "wallet_type": "bonus", "status": "completed", "description": "Signup bonus", "reference_id": "", "balance_after": null, "created_at": "2026-06-03T18:41:01.575Z"}}, {"model": "wallet.transaction", "pk": 2, "fields": {"user": 4, "transaction_type": "signup_bonus", "amount": "50.00", "wallet_type": "bonus", "status": "completed", "description": "Signup bonus", "reference_id": "", "balance_after": null, "created_at": "2026-06-03T18:44:03.670Z"}}, {"model": "wallet.transaction", "pk": 3, "fields": {"user": 5, "transaction_type": "signup_bonus", "amount": "50.00", "wallet_type": "bonus", "status": "completed", "description": "Signup bonus", "reference_id": "", "balance_after": null, "created_at": "2026-06-03T18:45:49.528Z"}}, {"model": "wallet.transaction", "pk": 4, "fields": {"user": 6, "transaction_type": "signup_bonus", "amount": "50.00", "wallet_type": "bonus", "status": "completed", "description": "Signup bonus", "reference_id": "", "balance_after": null, "created_at": "2026-06-13T10:08:32.718Z"}}, {"model": "wallet.transaction", "pk": 5, "fields": {"user": 6, "transaction_type": "recharge", "amount": "120.00", "wallet_type": null, "status": "completed", "description": "Recharge approved - UTR: TEST000000001 (Includes 20% First Recharge Bonus: +₹20.0000)", "reference_id": "RECHARGE_1", "balance_after": null, "created_at": "2026-06-13T10:48:36.008Z"}}, {"model": "wallet.transaction", "pk": 6, "fields": {"user": 6, "transaction_type": "adjustment", "amount": "50.00", "wallet_type": "bonus", "status": "completed", "description": "Admin manual balance adjustment (ADD ₹50 to BONUS)", "reference_id": "", "balance_after": null, "created_at": "2026-06-13T12:10:18.806Z"}}, {"model": "wallet.transaction", "pk": 7, "fields": {"user": 6, "transaction_type": "adjustment", "amount": "100.00", "wallet_type": "deposit", "status": "completed", "description": "Admin manual balance adjustment (ADD ₹100 to DEPOSIT)", "reference_id": "", "balance_after": null, "created_at": "2026-06-13T12:10:27.960Z"}}, {"model": "wallet.transaction", "pk": 8, "fields": {"user": 6, "transaction_type": "bet", "amount": "10.00", "wallet_type": "deposit", "status": "completed", "description": "Bet placed on WinGo 30 Sec - green", "reference_id": "BET_1", "balance_after": null, "created_at": "2026-06-13T13:00:26.384Z"}}, {"model": "wallet.transaction", "pk": 9, "fields": {"user": 6, "transaction_type": "lose", "amount": "10.00", "wallet_type": null, "status": "completed", "description": "Lost on wingo_30s - 2026061302221", "reference_id": "BET_1", "balance_after": null, "created_at": "2026-06-13T13:00:49.990Z"}}, {"model": "wallet.transaction", "pk": 10, "fields": {"user": 6, "transaction_type": "bet", "amount": "20.00", "wallet_type": "deposit", "status": "completed", "description": "Bet placed on WinGo 30 Sec - green", "reference_id": "BET_2", "balance_after": null, "created_at": "2026-06-13T13:00:58.499Z"}}, {"model": "wallet.transaction", "pk": 11, "fields": {"user": 6, "transaction_type": "win", "amount": "40.00", "wallet_type": "winning", "status": "completed", "description": "Won on wingo_30s - 2026061302222", "reference_id": "BET_2", "balance_after": null, "created_at": "2026-06-13T13:01:22.799Z"}}, {"model": "wallet.transaction", "pk": 12, "fields": {"user": 6, "transaction_type": "bet", "amount": "5.00", "wallet_type": "deposit", "status": "completed", "description": "Bet placed on WinGo 30 Sec - 0", "reference_id": "BET_3", "balance_after": null, "created_at": "2026-06-13T13:01:43.084Z"}}, {"model": "wallet.transaction", "pk": 13, "fields": {"user": 6, "transaction_type": "lose", "amount": "5.00", "wallet_type": null, "status": "completed", "description": "Lost on wingo_30s - 2026061302223", "reference_id": "BET_3", "balance_after": null, "created_at": "2026-06-13T13:01:56.064Z"}}, {"model": "wallet.transaction", "pk": 14, "fields": {"user": 6, "transaction_type": "bet", "amount": "10.00", "wallet_type": "deposit", "status": "completed", "description": "Bet placed on WinGo 30 Sec - green", "reference_id": "BET_4", "balance_after": null, "created_at": "2026-06-13T14:13:49.867Z"}}, {"model": "wallet.transaction", "pk": 15, "fields": {"user": 6, "transaction_type": "lose", "amount": "10.00", "wallet_type": null, "status": "completed", "description": "Lost on wingo_30s - 2026061302368", "reference_id": "BET_4", "balance_after": null, "created_at": "2026-06-13T14:14:14.206Z"}}, {"model": "wallet.transaction", "pk": 16, "fields": {"user": 6, "transaction_type": "bet", "amount": "20.00", "wallet_type": "deposit", "status": "completed", "description": "Bet placed on WinGo 30 Sec - red", "reference_id": "BET_5", "balance_after": null, "created_at": "2026-06-13T14:14:29.925Z"}}, {"model": "wallet.transaction", "pk": 17, "fields": {"user": 6, "transaction_type": "win", "amount": "40.00", "wallet_type": "winning", "status": "completed", "description": "Won on wingo_30s - 2026061302369", "reference_id": "BET_5", "balance_after": null, "created_at": "2026-06-13T14:14:46.837Z"}}, {"model": "wallet.transaction", "pk": 18, "fields": {"user": 6, "transaction_type": "bet", "amount": "10.00", "wallet_type": "deposit", "status": "completed", "description": "Bet placed on WinGo 30 Sec - green", "reference_id": "BET_6", "balance_after": null, "created_at": "2026-06-13T14:14:59.160Z"}}, {"model": "wallet.transaction", "pk": 19, "fields": {"user": 6, "transaction_type": "lose", "amount": "10.00", "wallet_type": null, "status": "completed", "description": "Lost on wingo_30s - 2026061302370", "reference_id": "BET_6", "balance_after": null, "created_at": "2026-06-13T14:15:19.439Z"}}, {"model": "wallet.transaction", "pk": 20, "fields": {"user": 14, "transaction_type": "recharge", "amount": "600.00", "wallet_type": null, "status": "completed", "description": "Recharge approved - UTR: TESTUTR123 (Includes 20% First Recharge Bonus: +₹100.0000)", "reference_id": "RECHARGE_2", "balance_after": null, "created_at": "2026-06-13T14:54:56.053Z"}}, {"model": "wallet.transaction", "pk": 21, "fields": {"user": 13, "transaction_type": "referral_bonus", "amount": "250.00", "wallet_type": "deposit", "status": "completed", "description": "Referral bonus for GAMER4157", "reference_id": "", "balance_after": null, "created_at": "2026-06-13T14:54:56.064Z"}}, {"model": "wallet.transaction", "pk": 22, "fields": {"user": 13, "transaction_type": "referral_bonus", "amount": "2.00", "wallet_type": "deposit", "status": "completed", "description": "Level 1 bet commission from GAMER4157", "reference_id": "BET_COMM_7", "balance_after": null, "created_at": "2026-06-13T14:54:56.086Z"}}, {"model": "wallet.transaction", "pk": 23, "fields": {"user": 12, "transaction_type": "referral_bonus", "amount": "1.00", "wallet_type": "deposit", "status": "completed", "description": "Level 2 bet commission from GAMER4157", "reference_id": "BET_COMM_7", "balance_after": null, "created_at": "2026-06-13T14:54:56.095Z"}}, {"model": "wallet.transaction", "pk": 24, "fields": {"user": 11, "transaction_type": "referral_bonus", "amount": "0.70", "wallet_type": "deposit", "status": "completed", "description": "Level 3 bet commission from GAMER4157", "reference_id": "BET_COMM_7", "balance_after": null, "created_at": "2026-06-13T14:54:56.106Z"}}, {"model": "wallet.transaction", "pk": 25, "fields": {"user": 14, "transaction_type": "win", "amount": "180.00", "wallet_type": "winning", "status": "completed", "description": "Won on wingo_30s - 2026061302414", "reference_id": "BET_7", "balance_after": null, "created_at": "2026-06-13T14:54:56.115Z"}}, {"model": "wallet.transaction", "pk": 26, "fields": {"user": 6, "transaction_type": "recharge", "amount": "60.00", "wallet_type": null, "status": "success", "description": "Recharge approved - UTR: 123456789009 (Includes 20% First Recharge Bonus: +₹10.0000)", "reference_id": "RECHARGE_3", "balance_after": null, "created_at": "2026-06-16T15:55:56.731Z"}}, {"model": "wallet.transaction", "pk": 27, "fields": {"user": 6, "transaction_type": "withdraw", "amount": "80.00", "wallet_type": null, "status": "success", "description": "Withdraw to abc@upi (idbi bank)", "reference_id": "WITHDRAW_1", "balance_after": null, "created_at": "2026-06-16T16:01:48.979Z"}}, {"model": "wallet.transaction", "pk": 28, "fields": {"user": 6, "transaction_type": "bet", "amount": "100.00", "wallet_type": "deposit+bonus", "status": "completed", "description": "Bet placed on WinGo 1 Min - green", "reference_id": "BET_8", "balance_after": null, "created_at": "2026-06-16T16:34:10.467Z"}}, {"model": "wallet.transaction", "pk": 29, "fields": {"user": 6, "transaction_type": "bet", "amount": "20.00", "wallet_type": "bonus", "status": "completed", "description": "Bet placed on WinGo 1 Min - green", "reference_id": "BET_9", "balance_after": null, "created_at": "2026-06-16T16:34:36.694Z"}}, {"model": "wallet.transaction", "pk": 30, "fields": {"user": 6, "transaction_type": "bet", "amount": "15.00", "wallet_type": "bonus", "status": "completed", "description": "Bet placed on WinGo 1 Min - green", "reference_id": "BET_10", "balance_after": null, "created_at": "2026-06-16T16:34:46.473Z"}}, {"model": "wallet.transaction", "pk": 31, "fields": {"user": 6, "transaction_type": "win", "amount": "27.00", "wallet_type": "winning", "status": "completed", "description": "Won on wingo_1min - 2026061601325", "reference_id": "BET_10", "balance_after": null, "created_at": "2026-06-16T16:35:02.913Z"}}, {"model": "wallet.transaction", "pk": 32, "fields": {"user": 6, "transaction_type": "win", "amount": "36.00", "wallet_type": "winning", "status": "completed", "description": "Won on wingo_1min - 2026061601325", "reference_id": "BET_9", "balance_after": null, "created_at": "2026-06-16T16:35:02.915Z"}}, {"model": "wallet.transaction", "pk": 33, "fields": {"user": 6, "transaction_type": "win", "amount": "180.00", "wallet_type": "winning", "status": "completed", "description": "Won on wingo_1min - 2026061601325", "reference_id": "BET_8", "balance_after": null, "created_at": "2026-06-16T16:35:02.916Z"}}]
